channel,total_duration,no_reruns
P1,2922022.3350019124,1
Radio24syv,1337065.923333771,1
Voxpopuli,407920.1967505203,1
P1,4354802.297504203,0
Radio24syv,2112646.755835632,0
